agents,kmax,percent,ratio,profit,distance
1,1,-1,-1.00,5,60922.88
1,1,-1,-1.00,30,67035.31
1,1,-1,-1.00,55,140555.74
1,1,-1,-1.00,80,156529.60
1,1,-1,-1.00,105,169610.50
1,1,-1,-1.00,130,192142.98
1,1,-1,-1.00,155,241160.59
1,1,-1,-1.00,180,248695.19
1,1,-1,-1.00,205,267249.66
1,1,-1,-1.00,230,513811.97
1,1,-1,-1.00,255,518987.24
1,1,-1,-1.00,280,622657.04
1,3,-1,-1.00,5,60922.88
1,3,-1,-1.00,30,66983.81
1,3,-1,-1.00,55,140007.48
1,3,-1,-1.00,80,154798.29
1,3,-1,-1.00,105,169584.05
1,3,-1,-1.00,130,188715.79
1,3,-1,-1.00,155,240176.55
1,3,-1,-1.00,180,247593.66
1,3,-1,-1.00,205,265867.44
1,3,-1,-1.00,230,504834.69
1,3,-1,-1.00,255,517688.49
1,3,-1,-1.00,280,613416.09
1,5,-1,-1.00,5,60922.88
1,5,-1,-1.00,30,66983.81
1,5,-1,-1.00,55,139009.27
1,5,-1,-1.00,80,154776.60
1,5,-1,-1.00,105,169486.62
1,5,-1,-1.00,130,188682.12
1,5,-1,-1.00,155,240020.05
1,5,-1,-1.00,180,247336.60
1,5,-1,-1.00,205,265330.91
1,5,-1,-1.00,230,507915.67
1,5,-1,-1.00,255,516430.22
1,5,-1,-1.00,280,611940.56
1,7,-1,-1.00,5,60922.88
1,7,-1,-1.00,30,66983.81
1,7,-1,-1.00,55,138982.21
1,7,-1,-1.00,80,154776.60
1,7,-1,-1.00,105,169559.74
1,7,-1,-1.00,130,188606.38
1,7,-1,-1.00,155,239516.69
1,7,-1,-1.00,180,246926.42
1,7,-1,-1.00,205,265259.14
1,7,-1,-1.00,230,503625.34
1,7,-1,-1.00,255,516223.58
1,7,-1,-1.00,280,607805.60
1,9,-1,-1.00,5,60922.88
1,9,-1,-1.00,30,66983.81
1,9,-1,-1.00,55,138982.21
1,9,-1,-1.00,80,154723.03
1,9,-1,-1.00,105,169445.93
1,9,-1,-1.00,130,188538.36
1,9,-1,-1.00,155,239549.94
1,9,-1,-1.00,180,246676.64
1,9,-1,-1.00,205,265196.67
1,9,-1,-1.00,230,505505.59
1,9,-1,-1.00,255,515211.71
1,9,-1,-1.00,280,607783.84
1,11,-1,-1.00,5,60922.88
1,11,-1,-1.00,30,66983.81
1,11,-1,-1.00,55,138990.47
1,11,-1,-1.00,80,154746.62
1,11,-1,-1.00,105,169387.69
1,11,-1,-1.00,130,188504.08
1,11,-1,-1.00,155,239345.00
1,11,-1,-1.00,180,246424.91
1,11,-1,-1.00,205,264485.73
1,11,-1,-1.00,230,502423.26
1,11,-1,-1.00,255,515664.39
1,11,-1,-1.00,280,604893.94
1,13,-1,-1.00,5,60922.88
1,13,-1,-1.00,30,66983.81
1,13,-1,-1.00,55,138982.21
1,13,-1,-1.00,80,154760.81
1,13,-1,-1.00,105,169394.82
1,13,-1,-1.00,130,188504.08
1,13,-1,-1.00,155,239361.53
1,13,-1,-1.00,180,246558.71
1,13,-1,-1.00,205,264537.24
1,13,-1,-1.00,230,502168.40
1,13,-1,-1.00,255,514898.81
1,13,-1,-1.00,280,601170.75
1,15,-1,-1.00,5,60922.88
1,15,-1,-1.00,30,66983.81
1,15,-1,-1.00,55,138982.21
1,15,-1,-1.00,80,154708.06
1,15,-1,-1.00,105,169356.03
1,15,-1,-1.00,130,188493.04
1,15,-1,-1.00,155,239132.76
1,15,-1,-1.00,180,246136.70
1,15,-1,-1.00,205,264516.20
1,15,-1,-1.00,230,501773.08
1,15,-1,-1.00,255,514338.45
1,15,-1,-1.00,280,600716.20
1,17,-1,-1.00,5,60922.88
1,17,-1,-1.00,30,66983.81
1,17,-1,-1.00,55,138982.21
1,17,-1,-1.00,80,154658.41
1,17,-1,-1.00,105,169489.85
1,17,-1,-1.00,130,188472.09
1,17,-1,-1.00,155,239382.57
1,17,-1,-1.00,180,246103.35
1,17,-1,-1.00,205,264293.85
1,17,-1,-1.00,230,501464.74
1,17,-1,-1.00,255,514313.10
1,17,-1,-1.00,280,598946.00
1,19,-1,-1.00,5,60922.88
1,19,-1,-1.00,30,66983.81
1,19,-1,-1.00,55,138982.21
1,19,-1,-1.00,80,154685.15
1,19,-1,-1.00,105,169355.57
1,19,-1,-1.00,130,188405.55
1,19,-1,-1.00,155,239288.61
1,19,-1,-1.00,180,245997.06
1,19,-1,-1.00,205,264303.39
1,19,-1,-1.00,230,501271.61
1,19,-1,-1.00,255,514290.07
1,19,-1,-1.00,280,594314.20
1,21,-1,-1.00,5,60922.88
1,21,-1,-1.00,30,66983.81
1,21,-1,-1.00,55,138982.21
1,21,-1,-1.00,80,154658.41
1,21,-1,-1.00,105,169365.23
1,21,-1,-1.00,130,188415.09
1,21,-1,-1.00,155,239161.74
1,21,-1,-1.00,180,246145.67
1,21,-1,-1.00,205,264325.65
1,21,-1,-1.00,230,504428.73
1,21,-1,-1.00,255,513814.89
1,21,-1,-1.00,280,592205.60
1,23,-1,-1.00,5,60922.88
1,23,-1,-1.00,30,66983.81
1,23,-1,-1.00,55,138982.21
1,23,-1,-1.00,80,154726.86
1,23,-1,-1.00,105,169317.33
1,23,-1,-1.00,130,188484.15
1,23,-1,-1.00,155,239239.73
1,23,-1,-1.00,180,246283.78
1,23,-1,-1.00,205,264252.61
1,23,-1,-1.00,230,504305.86
1,23,-1,-1.00,255,513884.69
1,23,-1,-1.00,280,591410.44
1,25,-1,-1.00,5,60922.88
1,25,-1,-1.00,30,66983.81
1,25,-1,-1.00,55,138982.21
1,25,-1,-1.00,80,154681.32
1,25,-1,-1.00,105,169317.33
1,25,-1,-1.00,130,188405.47
1,25,-1,-1.00,155,239154.60
1,25,-1,-1.00,180,246116.55
1,25,-1,-1.00,205,264198.89
1,25,-1,-1.00,230,504194.06
1,25,-1,-1.00,255,514611.67
1,25,-1,-1.00,280,587272.24
1,27,-1,-1.00,5,60922.88
1,27,-1,-1.00,30,66983.81
1,27,-1,-1.00,55,138982.21
1,27,-1,-1.00,80,154681.32
1,27,-1,-1.00,105,169366.98
1,27,-1,-1.00,130,188396.44
1,27,-1,-1.00,155,239278.06
1,27,-1,-1.00,180,246012.75
1,27,-1,-1.00,205,264209.31
1,27,-1,-1.00,230,503960.87
1,27,-1,-1.00,255,513573.94
1,27,-1,-1.00,280,587040.99
1,29,-1,-1.00,5,60922.88
1,29,-1,-1.00,30,66983.81
1,29,-1,-1.00,55,138982.21
1,29,-1,-1.00,80,154658.41
1,29,-1,-1.00,105,169317.33
1,29,-1,-1.00,130,188396.44
1,29,-1,-1.00,155,239210.17
1,29,-1,-1.00,180,245964.55
1,29,-1,-1.00,205,264201.37
1,29,-1,-1.00,230,503450.85
1,29,-1,-1.00,255,513954.63
1,29,-1,-1.00,280,589137.78
1,31,-1,-1.00,5,60922.88
1,31,-1,-1.00,30,66983.81
1,31,-1,-1.00,55,138982.21
1,31,-1,-1.00,80,154658.41
1,31,-1,-1.00,105,169340.24
1,31,-1,-1.00,130,188396.44
1,31,-1,-1.00,155,239113.30
1,31,-1,-1.00,180,246160.15
1,31,-1,-1.00,205,264192.16
1,31,-1,-1.00,230,503483.23
1,31,-1,-1.00,255,513927.93
1,31,-1,-1.00,280,588287.67
1,33,-1,-1.00,5,60922.88
1,33,-1,-1.00,30,66983.81
1,33,-1,-1.00,55,138982.21
1,33,-1,-1.00,80,154658.41
1,33,-1,-1.00,105,169312.88
1,33,-1,-1.00,130,188396.44
1,33,-1,-1.00,155,239128.16
1,33,-1,-1.00,180,245959.03
1,33,-1,-1.00,205,264155.86
1,33,-1,-1.00,230,500783.01
1,33,-1,-1.00,255,513505.73
1,33,-1,-1.00,280,586434.81
1,35,-1,-1.00,5,60922.88
1,35,-1,-1.00,30,66983.81
1,35,-1,-1.00,55,138982.21
1,35,-1,-1.00,80,154658.41
1,35,-1,-1.00,105,169317.33
1,35,-1,-1.00,130,188396.44
1,35,-1,-1.00,155,239116.70
1,35,-1,-1.00,180,246016.14
1,35,-1,-1.00,205,264182.72
1,35,-1,-1.00,230,504089.26
1,35,-1,-1.00,255,513352.87
1,35,-1,-1.00,280,586972.30
1,37,-1,-1.00,5,60922.88
1,37,-1,-1.00,30,66983.81
1,37,-1,-1.00,55,138982.21
1,37,-1,-1.00,80,154658.41
1,37,-1,-1.00,105,169317.33
1,37,-1,-1.00,130,188396.44
1,37,-1,-1.00,155,239093.59
1,37,-1,-1.00,180,245956.20
1,37,-1,-1.00,205,264161.70
1,37,-1,-1.00,230,500317.98
1,37,-1,-1.00,255,513376.39
1,37,-1,-1.00,280,589384.80
1,39,-1,-1.00,5,60922.88
1,39,-1,-1.00,30,66983.81
1,39,-1,-1.00,55,138982.21
1,39,-1,-1.00,80,154658.41
1,39,-1,-1.00,105,169304.54
1,39,-1,-1.00,130,188396.44
1,39,-1,-1.00,155,239090.96
1,39,-1,-1.00,180,245966.12
1,39,-1,-1.00,205,264312.61
1,39,-1,-1.00,230,500091.08
1,39,-1,-1.00,255,513765.56
1,39,-1,-1.00,280,588533.76
2,1,-1,-1.00,5,60971.98
2,1,-1,-1.00,30,85960.96
2,1,-1,-1.00,55,165438.58
2,1,-1,-1.00,80,183071.15
2,1,-1,-1.00,105,221250.22
2,1,-1,-1.00,130,272234.78
2,1,-1,-1.00,155,300395.28
2,1,-1,-1.00,180,314967.46
2,1,-1,-1.00,205,346911.91
2,1,-1,-1.00,230,606774.45
2,1,-1,-1.00,255,624266.84
2,1,-1,-1.00,280,756538.99
2,3,-1,-1.00,5,60971.98
2,3,-1,-1.00,30,85960.96
2,3,-1,-1.00,55,165225.19
2,3,-1,-1.00,80,182762.26
2,3,-1,-1.00,105,220452.38
2,3,-1,-1.00,130,262664.52
2,3,-1,-1.00,155,298670.61
2,3,-1,-1.00,180,312607.43
2,3,-1,-1.00,205,339945.17
2,3,-1,-1.00,230,594372.82
2,3,-1,-1.00,255,613693.04
2,3,-1,-1.00,280,703839.40
2,5,-1,-1.00,5,60971.98
2,5,-1,-1.00,30,85960.96
2,5,-1,-1.00,55,165431.65
2,5,-1,-1.00,80,182936.99
2,5,-1,-1.00,105,220408.32
2,5,-1,-1.00,130,250969.40
2,5,-1,-1.00,155,298221.40
2,5,-1,-1.00,180,311226.46
2,5,-1,-1.00,205,336976.33
2,5,-1,-1.00,230,590605.91
2,5,-1,-1.00,255,604723.50
2,5,-1,-1.00,280,683674.00
2,7,-1,-1.00,5,60971.98
2,7,-1,-1.00,30,85960.96
2,7,-1,-1.00,55,165431.65
2,7,-1,-1.00,80,182675.41
2,7,-1,-1.00,105,220381.57
2,7,-1,-1.00,130,250538.12
2,7,-1,-1.00,155,298288.95
2,7,-1,-1.00,180,310731.52
2,7,-1,-1.00,205,336041.49
2,7,-1,-1.00,230,579840.08
2,7,-1,-1.00,255,599847.28
2,7,-1,-1.00,280,677331.74
2,9,-1,-1.00,5,60971.98
2,9,-1,-1.00,30,85960.96
2,9,-1,-1.00,55,165431.65
2,9,-1,-1.00,80,182183.60
2,9,-1,-1.00,105,220381.29
2,9,-1,-1.00,130,259845.99
2,9,-1,-1.00,155,297698.15
2,9,-1,-1.00,180,310230.34
2,9,-1,-1.00,205,335224.19
2,9,-1,-1.00,230,580837.79
2,9,-1,-1.00,255,603455.52
2,9,-1,-1.00,280,676637.00
2,11,-1,-1.00,5,60971.98
2,11,-1,-1.00,30,85960.96
2,11,-1,-1.00,55,165431.65
2,11,-1,-1.00,80,182933.01
2,11,-1,-1.00,105,220381.29
2,11,-1,-1.00,130,253017.41
2,11,-1,-1.00,155,298175.99
2,11,-1,-1.00,180,308103.44
2,11,-1,-1.00,205,334252.29
2,11,-1,-1.00,230,587807.06
2,11,-1,-1.00,255,597405.37
2,11,-1,-1.00,280,672719.99
2,13,-1,-1.00,5,60971.98
2,13,-1,-1.00,30,85960.96
2,13,-1,-1.00,55,165431.65
2,13,-1,-1.00,80,182906.27
2,13,-1,-1.00,105,220381.29
2,13,-1,-1.00,130,252865.33
2,13,-1,-1.00,155,297746.57
2,13,-1,-1.00,180,310025.34
2,13,-1,-1.00,205,334244.15
2,13,-1,-1.00,230,575756.77
2,13,-1,-1.00,255,597977.34
2,13,-1,-1.00,280,666303.89
2,15,-1,-1.00,5,60971.98
2,15,-1,-1.00,30,85960.96
2,15,-1,-1.00,55,165145.53
2,15,-1,-1.00,80,182906.27
2,15,-1,-1.00,105,220381.29
2,15,-1,-1.00,130,252570.51
2,15,-1,-1.00,155,296751.01
2,15,-1,-1.00,180,309481.61
2,15,-1,-1.00,205,335004.27
2,15,-1,-1.00,230,585520.92
2,15,-1,-1.00,255,596319.40
2,15,-1,-1.00,280,664249.45
2,17,-1,-1.00,5,60971.98
2,17,-1,-1.00,30,85960.96
2,17,-1,-1.00,55,165431.65
2,17,-1,-1.00,80,182703.69
2,17,-1,-1.00,105,220403.17
2,17,-1,-1.00,130,248547.63
2,17,-1,-1.00,155,297363.86
2,17,-1,-1.00,180,308668.75
2,17,-1,-1.00,205,333114.88
2,17,-1,-1.00,230,579877.13
2,17,-1,-1.00,255,592748.98
2,17,-1,-1.00,280,664971.21
2,19,-1,-1.00,5,60971.98
2,19,-1,-1.00,30,85960.96
2,19,-1,-1.00,55,165431.65
2,19,-1,-1.00,80,182656.03
2,19,-1,-1.00,105,220370.24
2,19,-1,-1.00,130,251567.13
2,19,-1,-1.00,155,295990.01
2,19,-1,-1.00,180,307813.18
2,19,-1,-1.00,205,332500.11
2,19,-1,-1.00,230,580975.10
2,19,-1,-1.00,255,596261.46
2,19,-1,-1.00,280,662920.91
2,21,-1,-1.00,5,60971.98
2,21,-1,-1.00,30,85960.96
2,21,-1,-1.00,55,165145.53
2,21,-1,-1.00,80,182419.10
2,21,-1,-1.00,105,220370.24
2,21,-1,-1.00,130,249834.19
2,21,-1,-1.00,155,296748.56
2,21,-1,-1.00,180,308801.59
2,21,-1,-1.00,205,332986.04
2,21,-1,-1.00,230,575016.44
2,21,-1,-1.00,255,593947.22
2,21,-1,-1.00,280,663798.57
2,23,-1,-1.00,5,60971.98
2,23,-1,-1.00,30,85960.96
2,23,-1,-1.00,55,165145.53
2,23,-1,-1.00,80,182681.26
2,23,-1,-1.00,105,220396.05
2,23,-1,-1.00,130,249993.51
2,23,-1,-1.00,155,296034.20
2,23,-1,-1.00,180,309279.63
2,23,-1,-1.00,205,331902.45
2,23,-1,-1.00,230,574494.64
2,23,-1,-1.00,255,596475.56
2,23,-1,-1.00,280,665504.87
2,25,-1,-1.00,5,60971.98
2,25,-1,-1.00,30,85960.96
2,25,-1,-1.00,55,165145.53
2,25,-1,-1.00,80,182393.01
2,25,-1,-1.00,105,220174.32
2,25,-1,-1.00,130,247110.91
2,25,-1,-1.00,155,296671.89
2,25,-1,-1.00,180,308144.65
2,25,-1,-1.00,205,331223.31
2,25,-1,-1.00,230,573329.69
2,25,-1,-1.00,255,593499.68
2,25,-1,-1.00,280,659913.35
2,27,-1,-1.00,5,60971.98
2,27,-1,-1.00,30,85960.96
2,27,-1,-1.00,55,165145.53
2,27,-1,-1.00,80,181781.89
2,27,-1,-1.00,105,220381.28
2,27,-1,-1.00,130,245555.04
2,27,-1,-1.00,155,295241.19
2,27,-1,-1.00,180,308133.81
2,27,-1,-1.00,205,331760.80
2,27,-1,-1.00,230,579144.73
2,27,-1,-1.00,255,591900.79
2,27,-1,-1.00,280,660578.33
2,29,-1,-1.00,5,60971.98
2,29,-1,-1.00,30,85960.96
2,29,-1,-1.00,55,165145.53
2,29,-1,-1.00,80,181516.94
2,29,-1,-1.00,105,220388.22
2,29,-1,-1.00,130,249699.28
2,29,-1,-1.00,155,295117.96
2,29,-1,-1.00,180,309133.32
2,29,-1,-1.00,205,332630.64
2,29,-1,-1.00,230,576206.14
2,29,-1,-1.00,255,591921.56
2,29,-1,-1.00,280,659433.00
2,31,-1,-1.00,5,60971.98
2,31,-1,-1.00,30,85960.96
2,31,-1,-1.00,55,165145.53
2,31,-1,-1.00,80,181545.74
2,31,-1,-1.00,105,220370.24
2,31,-1,-1.00,130,248318.91
2,31,-1,-1.00,155,295843.59
2,31,-1,-1.00,180,307500.31
2,31,-1,-1.00,205,331630.32
2,31,-1,-1.00,230,576546.00
2,31,-1,-1.00,255,591585.27
2,31,-1,-1.00,280,660384.85
2,33,-1,-1.00,5,60971.98
2,33,-1,-1.00,30,85960.96
2,33,-1,-1.00,55,165145.53
2,33,-1,-1.00,80,181538.38
2,33,-1,-1.00,105,220370.24
2,33,-1,-1.00,130,245422.68
2,33,-1,-1.00,155,295323.37
2,33,-1,-1.00,180,307561.11
2,33,-1,-1.00,205,332108.23
2,33,-1,-1.00,230,571477.14
2,33,-1,-1.00,255,589687.61
2,33,-1,-1.00,280,659894.84
2,35,-1,-1.00,5,60971.98
2,35,-1,-1.00,30,85960.96
2,35,-1,-1.00,55,165145.53
2,35,-1,-1.00,80,181545.74
2,35,-1,-1.00,105,220174.32
2,35,-1,-1.00,130,246632.12
2,35,-1,-1.00,155,295632.22
2,35,-1,-1.00,180,307323.35
2,35,-1,-1.00,205,331089.84
2,35,-1,-1.00,230,571597.02
2,35,-1,-1.00,255,590425.33
2,35,-1,-1.00,280,657369.49
2,37,-1,-1.00,5,60971.98
2,37,-1,-1.00,30,85960.96
2,37,-1,-1.00,55,165145.53
2,37,-1,-1.00,80,181538.38
2,37,-1,-1.00,105,220370.24
2,37,-1,-1.00,130,245696.17
2,37,-1,-1.00,155,295955.57
2,37,-1,-1.00,180,308096.06
2,37,-1,-1.00,205,330727.31
2,37,-1,-1.00,230,571347.12
2,37,-1,-1.00,255,589592.63
2,37,-1,-1.00,280,659516.71
2,39,-1,-1.00,5,60971.98
2,39,-1,-1.00,30,85960.96
2,39,-1,-1.00,55,165145.53
2,39,-1,-1.00,80,181516.94
2,39,-1,-1.00,105,220370.24
2,39,-1,-1.00,130,248107.76
2,39,-1,-1.00,155,296469.13
2,39,-1,-1.00,180,307816.48
2,39,-1,-1.00,205,332544.42
2,39,-1,-1.00,230,571442.39
2,39,-1,-1.00,255,592922.80
2,39,-1,-1.00,280,658910.81
4,1,-1,-1.00,5,60971.98
4,1,-1,-1.00,30,86586.50
4,1,-1,-1.00,55,169130.77
4,1,-1,-1.00,80,196038.63
4,1,-1,-1.00,105,246862.45
4,1,-1,-1.00,130,347254.23
4,1,-1,-1.00,155,386895.79
4,1,-1,-1.00,180,463719.80
4,1,-1,-1.00,205,567764.84
4,1,-1,-1.00,230,795634.32
4,1,-1,-1.00,255,866844.79
4,1,-1,-1.00,280,1144782.16
4,3,-1,-1.00,5,60971.98
4,3,-1,-1.00,30,86586.50
4,3,-1,-1.00,55,169130.77
4,3,-1,-1.00,80,196038.63
4,3,-1,-1.00,105,246855.59
4,3,-1,-1.00,130,346364.91
4,3,-1,-1.00,155,385605.88
4,3,-1,-1.00,180,456600.39
4,3,-1,-1.00,205,520812.94
4,3,-1,-1.00,230,786714.03
4,3,-1,-1.00,255,815054.22
4,3,-1,-1.00,280,1077839.59
4,5,-1,-1.00,5,60971.98
4,5,-1,-1.00,30,86586.50
4,5,-1,-1.00,55,169130.77
4,5,-1,-1.00,80,196038.63
4,5,-1,-1.00,105,246862.45
4,5,-1,-1.00,130,344384.55
4,5,-1,-1.00,155,384976.59
4,5,-1,-1.00,180,452441.03
4,5,-1,-1.00,205,523297.28
4,5,-1,-1.00,230,766212.98
4,5,-1,-1.00,255,810222.36
4,5,-1,-1.00,280,1010788.66
4,7,-1,-1.00,5,60971.98
4,7,-1,-1.00,30,86586.50
4,7,-1,-1.00,55,169130.77
4,7,-1,-1.00,80,196038.63
4,7,-1,-1.00,105,246855.59
4,7,-1,-1.00,130,345790.39
4,7,-1,-1.00,155,385183.16
4,7,-1,-1.00,180,453951.80
4,7,-1,-1.00,205,518417.73
4,7,-1,-1.00,230,763568.70
4,7,-1,-1.00,255,801272.96
4,7,-1,-1.00,280,998363.94
4,9,-1,-1.00,5,60971.98
4,9,-1,-1.00,30,86586.50
4,9,-1,-1.00,55,169130.77
4,9,-1,-1.00,80,196038.63
4,9,-1,-1.00,105,246816.91
4,9,-1,-1.00,130,346153.79
4,9,-1,-1.00,155,384354.13
4,9,-1,-1.00,180,452344.04
4,9,-1,-1.00,205,516548.58
4,9,-1,-1.00,230,768047.90
4,9,-1,-1.00,255,795869.49
4,9,-1,-1.00,280,975341.65
4,11,-1,-1.00,5,60971.98
4,11,-1,-1.00,30,86586.50
4,11,-1,-1.00,55,169130.77
4,11,-1,-1.00,80,196038.63
4,11,-1,-1.00,105,246855.59
4,11,-1,-1.00,130,346322.52
4,11,-1,-1.00,155,384158.30
4,11,-1,-1.00,180,451831.70
4,11,-1,-1.00,205,518447.94
4,11,-1,-1.00,230,757808.16
4,11,-1,-1.00,255,804981.27
4,11,-1,-1.00,280,965834.25
4,13,-1,-1.00,5,60971.98
4,13,-1,-1.00,30,86586.50
4,13,-1,-1.00,55,169130.77
4,13,-1,-1.00,80,196038.63
4,13,-1,-1.00,105,246862.45
4,13,-1,-1.00,130,344916.18
4,13,-1,-1.00,155,383334.70
4,13,-1,-1.00,180,451459.97
4,13,-1,-1.00,205,516935.07
4,13,-1,-1.00,230,747218.25
4,13,-1,-1.00,255,793296.62
4,13,-1,-1.00,280,964584.78
4,15,-1,-1.00,5,60971.98
4,15,-1,-1.00,30,86586.50
4,15,-1,-1.00,55,169130.77
4,15,-1,-1.00,80,196038.63
4,15,-1,-1.00,105,246751.76
4,15,-1,-1.00,130,344961.08
4,15,-1,-1.00,155,383522.83
4,15,-1,-1.00,180,450985.20
4,15,-1,-1.00,205,516285.38
4,15,-1,-1.00,230,755649.30
4,15,-1,-1.00,255,788499.01
4,15,-1,-1.00,280,962759.24
4,17,-1,-1.00,5,60971.98
4,17,-1,-1.00,30,86586.50
4,17,-1,-1.00,55,169130.77
4,17,-1,-1.00,80,196038.63
4,17,-1,-1.00,105,246707.68
4,17,-1,-1.00,130,344909.80
4,17,-1,-1.00,155,384322.64
4,17,-1,-1.00,180,451421.18
4,17,-1,-1.00,205,511962.85
4,17,-1,-1.00,230,739348.06
4,17,-1,-1.00,255,796356.24
4,17,-1,-1.00,280,967295.34
4,19,-1,-1.00,5,60971.98
4,19,-1,-1.00,30,86586.50
4,19,-1,-1.00,55,169130.77
4,19,-1,-1.00,80,196038.63
4,19,-1,-1.00,105,246751.76
4,19,-1,-1.00,130,344395.03
4,19,-1,-1.00,155,383834.87
4,19,-1,-1.00,180,450829.59
4,19,-1,-1.00,205,515534.86
4,19,-1,-1.00,230,741048.23
4,19,-1,-1.00,255,785963.82
4,19,-1,-1.00,280,948493.84
4,21,-1,-1.00,5,60971.98
4,21,-1,-1.00,30,86586.50
4,21,-1,-1.00,55,169130.77
4,21,-1,-1.00,80,196038.63
4,21,-1,-1.00,105,246757.20
4,21,-1,-1.00,130,344384.03
4,21,-1,-1.00,155,383160.23
4,21,-1,-1.00,180,449782.68
4,21,-1,-1.00,205,518688.54
4,21,-1,-1.00,230,735597.68
4,21,-1,-1.00,255,784461.69
4,21,-1,-1.00,280,936400.51
4,23,-1,-1.00,5,60971.98
4,23,-1,-1.00,30,86586.50
4,23,-1,-1.00,55,169130.77
4,23,-1,-1.00,80,196038.63
4,23,-1,-1.00,105,246757.20
4,23,-1,-1.00,130,344684.99
4,23,-1,-1.00,155,384304.93
4,23,-1,-1.00,180,450926.98
4,23,-1,-1.00,205,515122.05
4,23,-1,-1.00,230,742527.14
4,23,-1,-1.00,255,776034.71
4,23,-1,-1.00,280,952073.08
4,25,-1,-1.00,5,60971.98
4,25,-1,-1.00,30,86586.50
4,25,-1,-1.00,55,169130.77
4,25,-1,-1.00,80,196038.63
4,25,-1,-1.00,105,246770.80
4,25,-1,-1.00,130,344879.28
4,25,-1,-1.00,155,384024.56
4,25,-1,-1.00,180,449331.81
4,25,-1,-1.00,205,511698.40
4,25,-1,-1.00,230,741589.78
4,25,-1,-1.00,255,780101.62
4,25,-1,-1.00,280,942718.30
4,27,-1,-1.00,5,60971.98
4,27,-1,-1.00,30,86586.50
4,27,-1,-1.00,55,169130.77
4,27,-1,-1.00,80,196038.63
4,27,-1,-1.00,105,246629.79
4,27,-1,-1.00,130,344360.92
4,27,-1,-1.00,155,383215.36
4,27,-1,-1.00,180,451131.92
4,27,-1,-1.00,205,511939.03
4,27,-1,-1.00,230,739314.45
4,27,-1,-1.00,255,774966.02
4,27,-1,-1.00,280,923278.06
4,29,-1,-1.00,5,60971.98
4,29,-1,-1.00,30,86586.50
4,29,-1,-1.00,55,169130.77
4,29,-1,-1.00,80,196038.63
4,29,-1,-1.00,105,246757.20
4,29,-1,-1.00,130,344398.43
4,29,-1,-1.00,155,383679.94
4,29,-1,-1.00,180,449224.19
4,29,-1,-1.00,205,516082.35
4,29,-1,-1.00,230,745359.94
4,29,-1,-1.00,255,780735.12
4,29,-1,-1.00,280,915384.03
4,31,-1,-1.00,5,60971.98
4,31,-1,-1.00,30,86586.50
4,31,-1,-1.00,55,169130.77
4,31,-1,-1.00,80,196038.63
4,31,-1,-1.00,105,246757.20
4,31,-1,-1.00,130,344297.95
4,31,-1,-1.00,155,383832.08
4,31,-1,-1.00,180,450045.68
4,31,-1,-1.00,205,510422.52
4,31,-1,-1.00,230,744622.86
4,31,-1,-1.00,255,774876.42
4,31,-1,-1.00,280,894495.33
4,33,-1,-1.00,5,60971.98
4,33,-1,-1.00,30,86586.50
4,33,-1,-1.00,55,169130.77
4,33,-1,-1.00,80,196038.63
4,33,-1,-1.00,105,246855.59
4,33,-1,-1.00,130,344870.22
4,33,-1,-1.00,155,384298.58
4,33,-1,-1.00,180,450322.35
4,33,-1,-1.00,205,510879.73
4,33,-1,-1.00,230,737454.19
4,33,-1,-1.00,255,782655.64
4,33,-1,-1.00,280,913699.11
4,35,-1,-1.00,5,60971.98
4,35,-1,-1.00,30,86586.50
4,35,-1,-1.00,55,169130.77
4,35,-1,-1.00,80,196038.63
4,35,-1,-1.00,105,246751.76
4,35,-1,-1.00,130,344390.61
4,35,-1,-1.00,155,383723.91
4,35,-1,-1.00,180,449841.83
4,35,-1,-1.00,205,510325.98
4,35,-1,-1.00,230,736166.92
4,35,-1,-1.00,255,774137.78
4,35,-1,-1.00,280,917396.74
4,37,-1,-1.00,5,60971.98
4,37,-1,-1.00,30,86586.50
4,37,-1,-1.00,55,169130.77
4,37,-1,-1.00,80,196038.63
4,37,-1,-1.00,105,246707.68
4,37,-1,-1.00,130,344396.74
4,37,-1,-1.00,155,383293.43
4,37,-1,-1.00,180,450027.07
4,37,-1,-1.00,205,510126.33
4,37,-1,-1.00,230,748510.48
4,37,-1,-1.00,255,766132.31
4,37,-1,-1.00,280,912071.31
4,39,-1,-1.00,5,60971.98
4,39,-1,-1.00,30,86586.50
4,39,-1,-1.00,55,169130.77
4,39,-1,-1.00,80,196038.63
4,39,-1,-1.00,105,246751.76
4,39,-1,-1.00,130,344409.55
4,39,-1,-1.00,155,383275.95
4,39,-1,-1.00,180,448984.49
4,39,-1,-1.00,205,511154.76
4,39,-1,-1.00,230,739085.62
4,39,-1,-1.00,255,784085.68
4,39,-1,-1.00,280,917423.38
8,1,-1,-1.00,5,60971.98
8,1,-1,-1.00,30,86586.50
8,1,-1,-1.00,55,169160.13
8,1,-1,-1.00,80,196093.17
8,1,-1,-1.00,105,251119.48
8,1,-1,-1.00,130,360651.78
8,1,-1,-1.00,155,404586.22
8,1,-1,-1.00,180,556047.41
8,1,-1,-1.00,205,867742.93
8,1,-1,-1.00,230,1002350.57
8,1,-1,-1.00,255,1279025.26
8,1,-1,-1.00,280,1563625.27
8,3,-1,-1.00,5,60971.98
8,3,-1,-1.00,30,86586.50
8,3,-1,-1.00,55,169160.13
8,3,-1,-1.00,80,196093.17
8,3,-1,-1.00,105,251119.48
8,3,-1,-1.00,130,360651.78
8,3,-1,-1.00,155,404452.70
8,3,-1,-1.00,180,555570.68
8,3,-1,-1.00,205,842863.96
8,3,-1,-1.00,230,996525.70
8,3,-1,-1.00,255,1259429.65
8,3,-1,-1.00,280,1539572.94
8,5,-1,-1.00,5,60971.98
8,5,-1,-1.00,30,86586.50
8,5,-1,-1.00,55,169160.13
8,5,-1,-1.00,80,196093.17
8,5,-1,-1.00,105,251119.48
8,5,-1,-1.00,130,360651.78
8,5,-1,-1.00,155,404452.70
8,5,-1,-1.00,180,552556.58
8,5,-1,-1.00,205,834464.75
8,5,-1,-1.00,230,999076.33
8,5,-1,-1.00,255,1241633.11
8,5,-1,-1.00,280,1521067.49
8,7,-1,-1.00,5,60971.98
8,7,-1,-1.00,30,86586.50
8,7,-1,-1.00,55,169160.13
8,7,-1,-1.00,80,196093.17
8,7,-1,-1.00,105,251119.48
8,7,-1,-1.00,130,360651.78
8,7,-1,-1.00,155,404464.73
8,7,-1,-1.00,180,552400.10
8,7,-1,-1.00,205,818576.91
8,7,-1,-1.00,230,994483.63
8,7,-1,-1.00,255,1231634.75
8,7,-1,-1.00,280,1518378.67
8,9,-1,-1.00,5,60971.98
8,9,-1,-1.00,30,86586.50
8,9,-1,-1.00,55,169160.13
8,9,-1,-1.00,80,196093.17
8,9,-1,-1.00,105,251119.48
8,9,-1,-1.00,130,360651.78
8,9,-1,-1.00,155,404355.09
8,9,-1,-1.00,180,552336.52
8,9,-1,-1.00,205,821699.98
8,9,-1,-1.00,230,993694.79
8,9,-1,-1.00,255,1233856.55
8,9,-1,-1.00,280,1514197.78
8,11,-1,-1.00,5,60971.98
8,11,-1,-1.00,30,86586.50
8,11,-1,-1.00,55,169160.13
8,11,-1,-1.00,80,196093.17
8,11,-1,-1.00,105,251119.48
8,11,-1,-1.00,130,360651.78
8,11,-1,-1.00,155,404464.73
8,11,-1,-1.00,180,552246.21
8,11,-1,-1.00,205,822226.12
8,11,-1,-1.00,230,993066.22
8,11,-1,-1.00,255,1236001.16
8,11,-1,-1.00,280,1513844.55
8,13,-1,-1.00,5,60971.98
8,13,-1,-1.00,30,86586.50
8,13,-1,-1.00,55,169160.13
8,13,-1,-1.00,80,196093.17
8,13,-1,-1.00,105,251119.48
8,13,-1,-1.00,130,360651.78
8,13,-1,-1.00,155,404452.70
8,13,-1,-1.00,180,551915.87
8,13,-1,-1.00,205,813937.63
8,13,-1,-1.00,230,997159.70
8,13,-1,-1.00,255,1229974.27
8,13,-1,-1.00,280,1500940.41
8,15,-1,-1.00,5,60971.98
8,15,-1,-1.00,30,86586.50
8,15,-1,-1.00,55,169160.13
8,15,-1,-1.00,80,196093.17
8,15,-1,-1.00,105,251119.48
8,15,-1,-1.00,130,360651.78
8,15,-1,-1.00,155,404452.70
8,15,-1,-1.00,180,552169.13
8,15,-1,-1.00,205,819488.04
8,15,-1,-1.00,230,992847.91
8,15,-1,-1.00,255,1231320.09
8,15,-1,-1.00,280,1497670.41
8,17,-1,-1.00,5,60971.98
8,17,-1,-1.00,30,86586.50
8,17,-1,-1.00,55,169160.13
8,17,-1,-1.00,80,196093.17
8,17,-1,-1.00,105,251119.48
8,17,-1,-1.00,130,360651.78
8,17,-1,-1.00,155,404194.44
8,17,-1,-1.00,180,552329.71
8,17,-1,-1.00,205,817559.53
8,17,-1,-1.00,230,996935.01
8,17,-1,-1.00,255,1227820.50
8,17,-1,-1.00,280,1505785.51
8,19,-1,-1.00,5,60971.98
8,19,-1,-1.00,30,86586.50
8,19,-1,-1.00,55,169160.13
8,19,-1,-1.00,80,196093.17
8,19,-1,-1.00,105,251119.48
8,19,-1,-1.00,130,360651.78
8,19,-1,-1.00,155,404468.87
8,19,-1,-1.00,180,551887.89
8,19,-1,-1.00,205,809418.28
8,19,-1,-1.00,230,991884.89
8,19,-1,-1.00,255,1226809.56
8,19,-1,-1.00,280,1503623.08
8,21,-1,-1.00,5,60971.98
8,21,-1,-1.00,30,86586.50
8,21,-1,-1.00,55,169160.13
8,21,-1,-1.00,80,196093.17
8,21,-1,-1.00,105,251119.48
8,21,-1,-1.00,130,360651.78
8,21,-1,-1.00,155,404452.70
8,21,-1,-1.00,180,552043.64
8,21,-1,-1.00,205,809717.15
8,21,-1,-1.00,230,988621.96
8,21,-1,-1.00,255,1224236.94
8,21,-1,-1.00,280,1506171.02
8,23,-1,-1.00,5,60971.98
8,23,-1,-1.00,30,86586.50
8,23,-1,-1.00,55,169160.13
8,23,-1,-1.00,80,196093.17
8,23,-1,-1.00,105,251119.48
8,23,-1,-1.00,130,360651.78
8,23,-1,-1.00,155,404464.73
8,23,-1,-1.00,180,548664.35
8,23,-1,-1.00,205,820455.03
8,23,-1,-1.00,230,993160.42
8,23,-1,-1.00,255,1215853.61
8,23,-1,-1.00,280,1500959.33
8,25,-1,-1.00,5,60971.98
8,25,-1,-1.00,30,86586.50
8,25,-1,-1.00,55,169160.13
8,25,-1,-1.00,80,196093.17
8,25,-1,-1.00,105,251119.48
8,25,-1,-1.00,130,360651.78
8,25,-1,-1.00,155,404315.84
8,25,-1,-1.00,180,548776.26
8,25,-1,-1.00,205,808568.20
8,25,-1,-1.00,230,989947.41
8,25,-1,-1.00,255,1215679.75
8,25,-1,-1.00,280,1496669.85
8,27,-1,-1.00,5,60971.98
8,27,-1,-1.00,30,86586.50
8,27,-1,-1.00,55,169160.13
8,27,-1,-1.00,80,196093.17
8,27,-1,-1.00,105,251119.48
8,27,-1,-1.00,130,360651.78
8,27,-1,-1.00,155,404432.80
8,27,-1,-1.00,180,548264.09
8,27,-1,-1.00,205,808872.87
8,27,-1,-1.00,230,991229.49
8,27,-1,-1.00,255,1225298.37
8,27,-1,-1.00,280,1506366.10
8,29,-1,-1.00,5,60971.98
8,29,-1,-1.00,30,86586.50
8,29,-1,-1.00,55,169160.13
8,29,-1,-1.00,80,196093.17
8,29,-1,-1.00,105,251119.48
8,29,-1,-1.00,130,360651.78
8,29,-1,-1.00,155,404432.80
8,29,-1,-1.00,180,551748.29
8,29,-1,-1.00,205,815971.92
8,29,-1,-1.00,230,989645.01
8,29,-1,-1.00,255,1209747.83
8,29,-1,-1.00,280,1504360.33
8,31,-1,-1.00,5,60971.98
8,31,-1,-1.00,30,86586.50
8,31,-1,-1.00,55,169160.13
8,31,-1,-1.00,80,196093.17
8,31,-1,-1.00,105,251119.48
8,31,-1,-1.00,130,360651.78
8,31,-1,-1.00,155,404271.05
8,31,-1,-1.00,180,551390.89
8,31,-1,-1.00,205,816554.61
8,31,-1,-1.00,230,985089.71
8,31,-1,-1.00,255,1205759.14
8,31,-1,-1.00,280,1502221.78
8,33,-1,-1.00,5,60971.98
8,33,-1,-1.00,30,86586.50
8,33,-1,-1.00,55,169160.13
8,33,-1,-1.00,80,196093.17
8,33,-1,-1.00,105,251119.48
8,33,-1,-1.00,130,360651.78
8,33,-1,-1.00,155,404420.78
8,33,-1,-1.00,180,555226.26
8,33,-1,-1.00,205,812235.19
8,33,-1,-1.00,230,989454.15
8,33,-1,-1.00,255,1216319.36
8,33,-1,-1.00,280,1489118.00
8,35,-1,-1.00,5,60971.98
8,35,-1,-1.00,30,86586.50
8,35,-1,-1.00,55,169160.13
8,35,-1,-1.00,80,196093.17
8,35,-1,-1.00,105,251119.48
8,35,-1,-1.00,130,360651.78
8,35,-1,-1.00,155,404432.80
8,35,-1,-1.00,180,555021.31
8,35,-1,-1.00,205,811441.26
8,35,-1,-1.00,230,987569.75
8,35,-1,-1.00,255,1211931.51
8,35,-1,-1.00,280,1492257.01
8,37,-1,-1.00,5,60971.98
8,37,-1,-1.00,30,86586.50
8,37,-1,-1.00,55,169160.13
8,37,-1,-1.00,80,196093.17
8,37,-1,-1.00,105,251119.48
8,37,-1,-1.00,130,360651.78
8,37,-1,-1.00,155,404162.51
8,37,-1,-1.00,180,548608.56
8,37,-1,-1.00,205,819182.83
8,37,-1,-1.00,230,990010.21
8,37,-1,-1.00,255,1207370.71
8,37,-1,-1.00,280,1491804.18
8,39,-1,-1.00,5,60971.98
8,39,-1,-1.00,30,86586.50
8,39,-1,-1.00,55,169160.13
8,39,-1,-1.00,80,196093.17
8,39,-1,-1.00,105,251119.48
8,39,-1,-1.00,130,360651.78
8,39,-1,-1.00,155,404452.68
8,39,-1,-1.00,180,554843.20
8,39,-1,-1.00,205,823532.04
8,39,-1,-1.00,230,990631.64
8,39,-1,-1.00,255,1218011.43
8,39,-1,-1.00,280,1496488.37
10,1,-1,-1.00,5,60971.98
10,1,-1,-1.00,30,86586.50
10,1,-1,-1.00,55,169160.13
10,1,-1,-1.00,80,196093.17
10,1,-1,-1.00,105,251119.48
10,1,-1,-1.00,130,360651.78
10,1,-1,-1.00,155,413554.91
10,1,-1,-1.00,180,557131.55
10,1,-1,-1.00,205,893663.66
10,1,-1,-1.00,230,1013578.59
10,1,-1,-1.00,255,1390128.86
10,1,-1,-1.00,280,1679504.12
10,3,-1,-1.00,5,60971.98
10,3,-1,-1.00,30,86586.50
10,3,-1,-1.00,55,169160.13
10,3,-1,-1.00,80,196093.17
10,3,-1,-1.00,105,251119.48
10,3,-1,-1.00,130,360651.78
10,3,-1,-1.00,155,413554.91
10,3,-1,-1.00,180,557109.70
10,3,-1,-1.00,205,880436.50
10,3,-1,-1.00,230,1011807.33
10,3,-1,-1.00,255,1335074.68
10,3,-1,-1.00,280,1655783.73
10,5,-1,-1.00,5,60971.98
10,5,-1,-1.00,30,86586.50
10,5,-1,-1.00,55,169160.13
10,5,-1,-1.00,80,196093.17
10,5,-1,-1.00,105,251119.48
10,5,-1,-1.00,130,360651.78
10,5,-1,-1.00,155,413554.91
10,5,-1,-1.00,180,557118.69
10,5,-1,-1.00,205,873219.32
10,5,-1,-1.00,230,1011613.19
10,5,-1,-1.00,255,1326428.59
10,5,-1,-1.00,280,1651254.60
10,7,-1,-1.00,5,60971.98
10,7,-1,-1.00,30,86586.50
10,7,-1,-1.00,55,169160.13
10,7,-1,-1.00,80,196093.17
10,7,-1,-1.00,105,251119.48
10,7,-1,-1.00,130,360651.78
10,7,-1,-1.00,155,413554.91
10,7,-1,-1.00,180,557094.10
10,7,-1,-1.00,205,871043.97
10,7,-1,-1.00,230,1010858.95
10,7,-1,-1.00,255,1338185.27
10,7,-1,-1.00,280,1639441.69
10,9,-1,-1.00,5,60971.98
10,9,-1,-1.00,30,86586.50
10,9,-1,-1.00,55,169160.13
10,9,-1,-1.00,80,196093.17
10,9,-1,-1.00,105,251119.48
10,9,-1,-1.00,130,360651.78
10,9,-1,-1.00,155,413554.91
10,9,-1,-1.00,180,557119.81
10,9,-1,-1.00,205,875000.44
10,9,-1,-1.00,230,1009807.89
10,9,-1,-1.00,255,1333352.80
10,9,-1,-1.00,280,1637309.52
10,11,-1,-1.00,5,60971.98
10,11,-1,-1.00,30,86586.50
10,11,-1,-1.00,55,169160.13
10,11,-1,-1.00,80,196093.17
10,11,-1,-1.00,105,251119.48
10,11,-1,-1.00,130,360651.78
10,11,-1,-1.00,155,413554.91
10,11,-1,-1.00,180,557049.75
10,11,-1,-1.00,205,876469.43
10,11,-1,-1.00,230,1009010.81
10,11,-1,-1.00,255,1323304.55
10,11,-1,-1.00,280,1637712.00
10,13,-1,-1.00,5,60971.98
10,13,-1,-1.00,30,86586.50
10,13,-1,-1.00,55,169160.13
10,13,-1,-1.00,80,196093.17
10,13,-1,-1.00,105,251119.48
10,13,-1,-1.00,130,360651.78
10,13,-1,-1.00,155,413554.91
10,13,-1,-1.00,180,557046.07
10,13,-1,-1.00,205,867569.94
10,13,-1,-1.00,230,1009856.92
10,13,-1,-1.00,255,1327060.69
10,13,-1,-1.00,280,1632060.68
10,15,-1,-1.00,5,60971.98
10,15,-1,-1.00,30,86586.50
10,15,-1,-1.00,55,169160.13
10,15,-1,-1.00,80,196093.17
10,15,-1,-1.00,105,251119.48
10,15,-1,-1.00,130,360651.78
10,15,-1,-1.00,155,413554.91
10,15,-1,-1.00,180,557041.14
10,15,-1,-1.00,205,867231.97
10,15,-1,-1.00,230,1009719.93
10,15,-1,-1.00,255,1326447.05
10,15,-1,-1.00,280,1635535.48
10,17,-1,-1.00,5,60971.98
10,17,-1,-1.00,30,86586.50
10,17,-1,-1.00,55,169160.13
10,17,-1,-1.00,80,196093.17
10,17,-1,-1.00,105,251119.48
10,17,-1,-1.00,130,360651.78
10,17,-1,-1.00,155,413554.91
10,17,-1,-1.00,180,557007.26
10,17,-1,-1.00,205,875232.62
10,17,-1,-1.00,230,1005598.21
10,17,-1,-1.00,255,1325664.24
10,17,-1,-1.00,280,1634432.58
10,19,-1,-1.00,5,60971.98
10,19,-1,-1.00,30,86586.50
10,19,-1,-1.00,55,169160.13
10,19,-1,-1.00,80,196093.17
10,19,-1,-1.00,105,251119.48
10,19,-1,-1.00,130,360651.78
10,19,-1,-1.00,155,413554.91
10,19,-1,-1.00,180,557029.74
10,19,-1,-1.00,205,874845.76
10,19,-1,-1.00,230,1009155.71
10,19,-1,-1.00,255,1333254.73
10,19,-1,-1.00,280,1626374.87
10,21,-1,-1.00,5,60971.98
10,21,-1,-1.00,30,86586.50
10,21,-1,-1.00,55,169160.13
10,21,-1,-1.00,80,196093.17
10,21,-1,-1.00,105,251119.48
10,21,-1,-1.00,130,360651.78
10,21,-1,-1.00,155,413554.91
10,21,-1,-1.00,180,557100.00
10,21,-1,-1.00,205,871251.88
10,21,-1,-1.00,230,1004843.54
10,21,-1,-1.00,255,1320175.97
10,21,-1,-1.00,280,1632739.42
10,23,-1,-1.00,5,60971.98
10,23,-1,-1.00,30,86586.50
10,23,-1,-1.00,55,169160.13
10,23,-1,-1.00,80,196093.17
10,23,-1,-1.00,105,251119.48
10,23,-1,-1.00,130,360651.78
10,23,-1,-1.00,155,413554.91
10,23,-1,-1.00,180,557051.26
10,23,-1,-1.00,205,874092.98
10,23,-1,-1.00,230,1009570.44
10,23,-1,-1.00,255,1329057.31
10,23,-1,-1.00,280,1632319.43
10,25,-1,-1.00,5,60971.98
10,25,-1,-1.00,30,86586.50
10,25,-1,-1.00,55,169160.13
10,25,-1,-1.00,80,196093.17
10,25,-1,-1.00,105,251119.48
10,25,-1,-1.00,130,360651.78
10,25,-1,-1.00,155,413554.91
10,25,-1,-1.00,180,557041.14
10,25,-1,-1.00,205,870590.88
10,25,-1,-1.00,230,1008612.54
10,25,-1,-1.00,255,1332653.48
10,25,-1,-1.00,280,1630286.39
10,27,-1,-1.00,5,60971.98
10,27,-1,-1.00,30,86586.50
10,27,-1,-1.00,55,169160.13
10,27,-1,-1.00,80,196093.17
10,27,-1,-1.00,105,251119.48
10,27,-1,-1.00,130,360651.78
10,27,-1,-1.00,155,413554.91
10,27,-1,-1.00,180,557101.00
10,27,-1,-1.00,205,870330.18
10,27,-1,-1.00,230,1008392.47
10,27,-1,-1.00,255,1319339.68
10,27,-1,-1.00,280,1632063.24
10,29,-1,-1.00,5,60971.98
10,29,-1,-1.00,30,86586.50
10,29,-1,-1.00,55,169160.13
10,29,-1,-1.00,80,196093.17
10,29,-1,-1.00,105,251119.48
10,29,-1,-1.00,130,360651.78
10,29,-1,-1.00,155,413554.91
10,29,-1,-1.00,180,557041.14
10,29,-1,-1.00,205,874941.50
10,29,-1,-1.00,230,1009194.30
10,29,-1,-1.00,255,1324241.71
10,29,-1,-1.00,280,1632578.14
10,31,-1,-1.00,5,60971.98
10,31,-1,-1.00,30,86586.50
10,31,-1,-1.00,55,169160.13
10,31,-1,-1.00,80,196093.17
10,31,-1,-1.00,105,251119.48
10,31,-1,-1.00,130,360651.78
10,31,-1,-1.00,155,413554.91
10,31,-1,-1.00,180,557048.08
10,31,-1,-1.00,205,874256.66
10,31,-1,-1.00,230,1009338.45
10,31,-1,-1.00,255,1314984.81
10,31,-1,-1.00,280,1629271.37
10,33,-1,-1.00,5,60971.98
10,33,-1,-1.00,30,86586.50
10,33,-1,-1.00,55,169160.13
10,33,-1,-1.00,80,196093.17
10,33,-1,-1.00,105,251119.48
10,33,-1,-1.00,130,360651.78
10,33,-1,-1.00,155,413554.91
10,33,-1,-1.00,180,556914.16
10,33,-1,-1.00,205,874394.15
10,33,-1,-1.00,230,1008748.83
10,33,-1,-1.00,255,1318360.55
10,33,-1,-1.00,280,1624006.37
10,35,-1,-1.00,5,60971.98
10,35,-1,-1.00,30,86586.50
10,35,-1,-1.00,55,169160.13
10,35,-1,-1.00,80,196093.17
10,35,-1,-1.00,105,251119.48
10,35,-1,-1.00,130,360651.78
10,35,-1,-1.00,155,413554.91
10,35,-1,-1.00,180,557101.00
10,35,-1,-1.00,205,870301.75
10,35,-1,-1.00,230,1008438.65
10,35,-1,-1.00,255,1322964.41
10,35,-1,-1.00,280,1621366.41
10,37,-1,-1.00,5,60971.98
10,37,-1,-1.00,30,86586.50
10,37,-1,-1.00,55,169160.13
10,37,-1,-1.00,80,196093.17
10,37,-1,-1.00,105,251119.48
10,37,-1,-1.00,130,360651.78
10,37,-1,-1.00,155,413554.91
10,37,-1,-1.00,180,557100.00
10,37,-1,-1.00,205,870238.91
10,37,-1,-1.00,230,1008706.36
10,37,-1,-1.00,255,1315038.13
10,37,-1,-1.00,280,1627588.18
10,39,-1,-1.00,5,60971.98
10,39,-1,-1.00,30,86586.50
10,39,-1,-1.00,55,169160.13
10,39,-1,-1.00,80,196093.17
10,39,-1,-1.00,105,251119.48
10,39,-1,-1.00,130,360651.78
10,39,-1,-1.00,155,413554.91
10,39,-1,-1.00,180,557094.10
10,39,-1,-1.00,205,870458.79
10,39,-1,-1.00,230,1008527.77
10,39,-1,-1.00,255,1319622.93
10,39,-1,-1.00,280,1621110.08
