heuristic,agents,profit,time (ns),distance (km)
one,1,5,225,60.92
one,1,10,212,60.92
one,1,15,218,60.99
one,1,20,218,61.54
one,1,25,246,62.73
one,1,30,300,66.36
one,1,35,300,72.31
one,1,40,339,72.91
one,1,45,440,142.65
one,1,50,475,156.17
one,1,55,486,157.69
one,1,60,490,159.22
one,1,65,488,159.22
one,1,70,506,159.22
one,1,75,525,172.58
one,1,80,538,179.62
one,1,85,591,186.50
one,1,90,595,186.50
one,1,95,577,186.50
one,1,100,617,189.65
one,1,105,612,192.95
one,1,110,617,196.69
one,1,115,626,196.72
one,1,120,617,203.10
one,1,125,657,215.74
one,1,130,751,223.92
one,1,135,832,231.00
one,1,140,869,231.04
one,1,145,842,231.04
one,1,150,837,234.83
one,1,155,883,234.99
one,1,160,976,238.75
one,1,165,1002,238.83
one,1,170,1103,242.78
one,1,175,1326,243.41
one,1,180,1437,246.87
one,1,185,2075,252.06
one,1,190,2443,261.58
one,1,195,3046,451.54
one,1,200,3170,460.34
one,1,205,3213,462.16
one,1,210,3336,464.25
one,1,215,3701,465.84
one,1,220,3570,467.25
one,1,225,3532,467.26
one,1,230,3773,468.42
one,1,235,4012,470.92
one,1,240,5108,481.62
one,1,245,6847,550.02
one,1,250,7302,567.00
one,1,255,8028,568.74
one,1,260,8510,585.18
one,1,265,8492,585.99
one,1,270,9167,586.77
one,1,275,10229,619.41
one,1,280,10839,624.79
one,1,285,12341,626.27
one,1,290,13954,639.58
one,1,295,15990,643.64
one,1,333,618162,1585.65
one,2,5,232,60.97
one,2,10,241,60.97
one,2,15,247,61.07
one,2,20,245,61.63
one,2,25,251,65.40
one,2,30,302,85.97
one,2,35,298,86.52
one,2,40,324,87.58
one,2,45,511,129.70
one,2,50,413,160.62
one,2,55,422,162.77
one,2,60,437,164.89
one,2,65,436,164.89
one,2,70,591,168.02
one,2,75,469,193.89
one,2,80,471,199.31
one,2,85,520,221.63
one,2,90,520,222.03
one,2,95,541,222.04
one,2,100,554,228.74
one,2,105,550,232.65
one,2,110,542,236.43
one,2,115,584,238.83
one,2,120,612,249.45
one,2,125,649,264.98
one,2,130,743,269.39
one,2,135,789,287.57
one,2,140,797,287.79
one,2,145,778,287.82
one,2,150,786,291.83
one,2,155,800,291.86
one,2,160,904,301.52
one,2,165,1186,308.26
one,2,170,1063,308.98
one,2,175,1159,313.47
one,2,180,1333,317.19
one,2,185,1557,325.11
one,2,190,2015,347.33
one,2,195,2398,506.60
one,2,200,2564,547.27
one,2,205,2534,558.43
one,2,210,2581,582.11
one,2,215,2773,584.42
one,2,220,2751,585.23
one,2,225,2946,599.88
one,2,230,2659,603.39
one,2,235,2695,605.26
one,2,240,3027,610.38
one,2,245,3527,625.97
one,2,250,4245,681.76
one,2,255,4424,698.45
one,2,260,4493,703.43
one,2,265,4681,709.83
one,2,270,4875,711.66
one,2,275,5107,712.83
one,2,280,5594,724.27
one,2,285,6336,758.84
one,2,290,6929,767.71
one,2,295,7409,776.79
one,2,333,158545,2185.97
one,4,5,298,60.97
one,4,10,299,60.97
one,4,15,307,61.07
one,4,20,318,61.63
one,4,25,326,65.45
one,4,30,501,86.59
one,4,35,365,87.59
one,4,40,373,88.56
one,4,45,417,132.34
one,4,50,466,165.09
one,4,55,476,169.13
one,4,60,456,171.25
one,4,65,468,171.25
one,4,70,454,175.80
one,4,75,486,196.04
one,4,80,497,196.04
one,4,85,521,218.77
one,4,90,535,223.04
one,4,95,545,226.28
one,4,100,567,246.61
one,4,105,572,246.99
one,4,110,584,246.99
one,4,115,615,271.71
one,4,120,662,303.98
one,4,125,673,315.85
one,4,130,681,342.65
one,4,135,782,373.00
one,4,140,808,373.87
one,4,145,781,373.91
one,4,150,815,374.02
one,4,155,841,383.70
one,4,160,930,416.28
one,4,165,967,427.62
one,4,170,1025,438.01
one,4,175,1099,441.04
one,4,180,1499,461.96
one,4,185,1406,487.34
one,4,190,1689,497.54
one,4,195,1923,542.32
one,4,200,2270,673.36
one,4,205,2350,713.42
one,4,210,2447,741.09
one,4,215,2486,753.00
one,4,220,2490,753.20
one,4,225,2464,755.84
one,4,230,2481,761.76
one,4,235,2570,764.54
one,4,240,2785,769.43
one,4,245,3151,785.95
one,4,250,3633,817.96
one,4,255,3989,910.68
one,4,260,4370,962.54
one,4,265,4758,1008.84
one,4,270,4901,1031.24
one,4,275,4990,1040.83
one,4,280,5271,1046.05
one,4,285,5575,1079.54
one,4,290,5921,1102.82
one,4,295,6544,1146.27
one,4,333,60298,3127.58
one,8,5,414,60.97
one,8,10,429,60.97
one,8,15,414,61.07
one,8,20,452,61.63
one,8,25,433,65.45
one,8,30,493,86.59
one,8,35,496,87.59
one,8,40,499,88.56
one,8,45,532,132.34
one,8,50,580,165.09
one,8,55,581,169.16
one,8,60,588,171.30
one,8,65,573,171.30
one,8,70,586,175.84
one,8,75,610,196.09
one,8,80,637,196.09
one,8,85,669,218.83
one,8,90,664,223.09
one,8,95,683,226.67
one,8,100,696,250.78
one,8,105,698,251.12
one,8,110,694,251.12
one,8,115,722,271.95
one,8,120,743,333.12
one,8,125,739,333.83
one,8,130,778,360.65
one,8,135,870,392.94
one,8,140,865,397.69
one,8,145,878,402.09
one,8,150,885,402.35
one,8,155,860,408.26
one,8,160,954,453.84
one,8,165,1050,480.67
one,8,170,1057,507.12
one,8,175,1122,523.26
one,8,180,1202,556.90
one,8,185,1312,608.59
one,8,190,1424,661.13
one,8,195,1562,761.53
one,8,200,1661,790.75
one,8,205,1708,884.39
one,8,210,1717,910.91
one,8,215,1764,923.78
one,8,220,1732,930.36
one,8,225,1795,944.28
one,8,230,1807,979.13
one,8,235,1953,1012.99
one,8,240,2441,1021.97
one,8,245,2995,1074.47
one,8,250,3095,1222.57
one,8,255,3372,1338.54
one,8,260,3463,1391.41
one,8,265,3587,1444.53
one,8,270,3658,1456.11
one,8,275,3746,1460.41
one,8,280,4079,1534.43
one,8,285,4583,1601.81
one,8,290,4932,1738.09
one,8,295,5214,1809.47
one,8,333,31310,4740.41
one,10,5,561,60.97
one,10,10,462,60.97
one,10,15,567,61.07
one,10,20,492,61.63
one,10,25,500,65.45
one,10,30,539,86.59
one,10,35,553,87.59
one,10,40,549,88.56
one,10,45,605,132.34
one,10,50,671,165.09
one,10,55,668,169.16
one,10,60,653,171.30
one,10,65,649,171.30
one,10,70,780,175.84
one,10,75,678,196.09
one,10,80,680,196.09
one,10,85,726,218.83
one,10,90,720,223.09
one,10,95,738,226.67
one,10,100,742,250.78
one,10,105,749,251.12
one,10,110,766,251.12
one,10,115,799,271.95
one,10,120,902,333.12
one,10,125,817,333.83
one,10,130,818,360.65
one,10,135,907,392.94
one,10,140,923,397.69
one,10,145,921,402.49
one,10,150,921,403.12
one,10,155,929,413.55
one,10,160,1113,454.49
one,10,165,1143,481.35
one,10,170,1174,505.85
one,10,175,1201,522.16
one,10,180,1294,556.56
one,10,185,1450,621.26
one,10,190,1578,662.52
one,10,195,1726,778.99
one,10,200,1740,802.33
one,10,205,1802,900.78
one,10,210,1764,926.10
one,10,215,1844,940.54
one,10,220,1824,942.50
one,10,225,1928,956.53
one,10,230,1867,994.10
one,10,235,1957,1030.08
one,10,240,2228,1072.06
one,10,245,2613,1116.84
one,10,250,2994,1302.28
one,10,255,3321,1434.11
one,10,260,3156,1478.34
one,10,265,3204,1508.80
one,10,270,3404,1518.17
one,10,275,3424,1555.86
one,10,280,3807,1662.40
one,10,285,4446,1817.26
one,10,290,4650,1945.08
one,10,295,4865,2042.75
one,10,333,28308,6067.50
two,1,5,3217,60.92
two,1,10,3009,60.92
two,1,15,3139,60.99
two,1,20,3442,61.54
two,1,25,4030,63.53
two,1,30,7091,66.98
two,1,35,9019,69.84
two,1,40,10211,70.40
two,1,45,17016,80.07
two,1,50,30545,105.82
two,1,55,46736,139.08
two,1,60,50798,142.65
two,1,65,49512,142.71
two,1,70,49996,142.72
two,1,75,53134,142.67
two,1,80,58280,154.88
two,1,85,68053,162.63
two,1,90,70682,165.25
two,1,95,71411,165.94
two,1,100,71800,166.19
two,1,105,74711,169.53
two,1,110,73764,172.43
two,1,115,83877,175.67
two,1,120,88511,175.89
two,1,125,111473,176.93
two,1,130,140829,188.57
two,1,135,190978,227.33
two,1,140,198922,236.45
two,1,145,203268,238.43
two,1,150,208422,239.53
two,1,155,211401,239.59
two,1,160,245733,240.27
two,1,165,257954,240.62
two,1,170,268806,241.05
two,1,175,277640,244.90
two,1,180,307649,246.49
two,1,185,330143,247.89
two,1,190,373792,250.01
two,1,195,479353,257.09
two,1,200,728307,260.20
two,1,205,974125,264.60
two,1,210,1220848,276.36
two,1,215,1494912,304.64
two,1,220,1765702,434.43
two,1,225,1802023,485.80
two,1,230,1812372,502.23
two,1,235,1836991,507.95
two,1,240,1842100,508.15
two,1,245,1912061,509.26
two,1,250,2007006,511.34
two,1,255,2068301,513.92
two,1,260,2220551,516.19
two,1,265,2305387,516.47
two,1,270,2532840,543.13
two,1,275,2465340,583.74
two,1,280,2502699,593.67
two,1,285,2526213,598.89
two,1,290,2551045,604.30
two,1,295,2548231,611.31
two,1,333,4916906,1641.99
two,2,5,3953,60.97
two,2,10,4029,60.97
two,2,15,4031,61.07
two,2,20,4134,61.63
two,2,25,4360,65.40
two,2,30,4759,85.96
two,2,35,4931,86.49
two,2,40,5699,88.00
two,2,45,6480,129.48
two,2,50,8553,157.30
two,2,55,9138,165.15
two,2,60,9331,166.77
two,2,65,9457,166.83
two,2,70,9605,166.99
two,2,75,11709,174.79
two,2,80,14500,181.15
two,2,85,15711,203.36
two,2,90,16026,205.90
two,2,95,17188,206.40
two,2,100,20083,206.51
two,2,105,22529,219.91
two,2,110,22946,220.47
two,2,115,27300,223.19
two,2,120,33589,223.58
two,2,125,42418,237.09
two,2,130,53857,249.44
two,2,135,65537,287.65
two,2,140,70120,294.93
two,2,145,70834,295.82
two,2,150,75095,296.04
two,2,155,74299,296.10
two,2,160,82338,296.18
two,2,165,96130,300.27
two,2,170,106988,300.85
two,2,175,121617,305.70
two,2,180,145597,308.79
two,2,185,174483,312.85
two,2,190,205342,317.60
two,2,195,258970,322.38
two,2,200,356603,329.12
two,2,205,479719,334.45
two,2,210,635286,343.48
two,2,215,788140,365.59
two,2,220,897360,462.97
two,2,225,923609,556.67
two,2,230,921464,579.77
two,2,235,928386,586.23
two,2,240,928946,590.07
two,2,245,944688,592.00
two,2,250,947919,596.21
two,2,255,955324,597.77
two,2,260,995562,603.98
two,2,265,1083716,610.34
two,2,270,1212732,624.01
two,2,275,1274386,646.59
two,2,280,1287962,665.36
two,2,285,1279161,682.97
two,2,290,1294787,690.45
two,2,295,1293324,700.77
two,2,333,2583625,2004.95
two,4,5,12399,60.97
two,4,10,11988,60.97
two,4,15,9966,61.07
two,4,20,9670,61.63
two,4,25,9444,65.45
two,4,30,10267,86.59
two,4,35,9591,87.59
two,4,40,10036,88.56
two,4,45,9876,132.34
two,4,50,9929,165.09
two,4,55,9871,169.13
two,4,60,10080,171.25
two,4,65,10207,171.25
two,4,70,10237,175.80
two,4,75,10285,196.04
two,4,80,10330,196.04
two,4,85,10492,218.77
two,4,90,10536,223.04
two,4,95,11090,226.12
two,4,100,11441,246.47
two,4,105,11857,246.74
two,4,110,12483,246.65
two,4,115,13873,267.47
two,4,120,18336,280.01
two,4,125,23794,302.13
two,4,130,27277,344.37
two,4,135,28940,375.03
two,4,140,30131,378.77
two,4,145,28891,378.81
two,4,150,29860,378.75
two,4,155,31287,384.99
two,4,160,35844,418.14
two,4,165,42075,425.93
two,4,170,52918,428.58
two,4,175,66174,433.41
two,4,180,84747,452.60
two,4,185,111191,475.21
two,4,190,141897,481.53
two,4,195,176242,488.33
two,4,200,233443,494.85
two,4,205,309201,514.58
two,4,210,395259,547.62
two,4,215,484976,582.94
two,4,220,505182,699.33
two,4,225,515742,736.58
two,4,230,516899,745.23
two,4,235,525946,746.50
two,4,240,526493,752.51
two,4,245,567743,756.44
two,4,250,559285,758.88
two,4,255,583977,774.71
two,4,260,648464,777.47
two,4,265,749812,794.98
two,4,270,821080,819.78
two,4,275,873048,851.93
two,4,280,910223,912.73
two,4,285,913216,956.13
two,4,290,925025,965.37
two,4,295,943599,967.83
two,4,333,1914073,2784.52
two,8,5,17876,60.97
two,8,10,18110,60.97
two,8,15,17937,61.07
two,8,20,17671,61.63
two,8,25,18025,65.45
two,8,30,17916,86.59
two,8,35,17619,87.59
two,8,40,17956,88.56
two,8,45,18219,132.34
two,8,50,18438,165.09
two,8,55,18346,169.16
two,8,60,18410,171.30
two,8,65,18334,171.30
two,8,70,18185,175.84
two,8,75,18657,196.09
two,8,80,18550,196.09
two,8,85,18449,218.83
two,8,90,18482,223.09
two,8,95,18128,226.67
two,8,100,18490,250.78
two,8,105,18866,251.12
two,8,110,18655,251.12
two,8,115,19103,271.95
two,8,120,18821,333.12
two,8,125,18742,333.83
two,8,130,18875,360.65
two,8,135,19415,392.94
two,8,140,19425,397.69
two,8,145,22473,398.37
two,8,150,20515,398.53
two,8,155,21648,404.25
two,8,160,22890,447.43
two,8,165,24914,475.45
two,8,170,25659,499.47
two,8,175,27534,516.37
two,8,180,27899,553.55
two,8,185,31557,601.91
two,8,190,37672,627.88
two,8,195,60204,650.57
two,8,200,84373,671.95
two,8,205,102712,812.58
two,8,210,113327,883.76
two,8,215,113946,924.77
two,8,220,114318,941.41
two,8,225,118684,951.62
two,8,230,125667,989.93
two,8,235,132988,1016.93
two,8,240,143010,1025.19
two,8,245,168223,1037.55
two,8,250,199285,1132.00
two,8,255,245910,1214.23
two,8,260,284056,1276.89
two,8,265,321188,1314.51
two,8,270,348413,1342.02
two,8,275,355425,1407.75
two,8,280,372181,1499.91
two,8,285,400188,1517.95
two,8,290,425776,1516.28
two,8,295,461050,1549.70
two,8,333,1104536,4199.81
two,10,5,22143,60.97
two,10,10,21913,60.97
two,10,15,22066,61.07
two,10,20,21850,61.63
two,10,25,22195,65.45
two,10,30,22213,86.59
two,10,35,22135,87.59
two,10,40,22281,88.56
two,10,45,22686,132.34
two,10,50,22393,165.09
two,10,55,22187,169.16
two,10,60,22692,171.30
two,10,65,22630,171.30
two,10,70,22732,175.84
two,10,75,22780,196.09
two,10,80,22859,196.09
two,10,85,22626,218.83
two,10,90,22931,223.09
two,10,95,22862,226.67
two,10,100,23585,250.78
two,10,105,22911,251.12
two,10,110,22511,251.12
two,10,115,23066,271.95
two,10,120,22838,333.12
two,10,125,23344,333.83
two,10,130,23255,360.65
two,10,135,23511,392.94
two,10,140,23624,397.69
two,10,145,23487,402.49
two,10,150,23922,403.12
two,10,155,23122,413.55
two,10,160,23411,454.49
two,10,165,26883,481.35
two,10,170,24712,502.09
two,10,175,25336,522.53
two,10,180,25757,557.05
two,10,185,27174,617.64
two,10,190,29719,652.64
two,10,195,41494,702.21
two,10,200,55343,738.22
two,10,205,63744,873.98
two,10,210,67531,919.81
two,10,215,66815,950.96
two,10,220,67327,954.01
two,10,225,70753,964.34
two,10,230,72927,1007.38
two,10,235,74842,1044.46
two,10,240,87763,1070.73
two,10,245,115206,1083.28
two,10,250,141981,1193.58
two,10,255,174365,1318.34
two,10,260,195907,1378.81
two,10,265,218385,1419.87
two,10,270,234167,1458.83
two,10,275,241463,1525.71
two,10,280,252884,1627.57
two,10,285,287554,1692.10
two,10,290,314302,1777.57
two,10,295,341451,1821.20
two,10,333,933744,4774.22
three,1,5,242,32.44
three,1,10,209,32.44
three,1,15,228,32.53
three,1,20,230,33.11
three,1,25,243,35.40
three,1,30,293,41.55
three,1,35,303,47.50
three,1,40,350,48.10
three,1,45,416,124.69
three,1,50,499,139.61
three,1,55,505,141.13
three,1,60,504,142.66
three,1,65,500,142.66
three,1,70,516,142.66
three,1,75,532,156.02
three,1,80,555,163.06
three,1,85,593,186.50
three,1,90,593,186.50
three,1,95,622,186.50
three,1,100,631,189.65
three,1,105,648,192.95
three,1,110,638,196.69
three,1,115,639,196.72
three,1,120,662,203.10
three,1,125,663,215.74
three,1,130,771,223.92
three,1,135,849,231.00
three,1,140,893,231.04
three,1,145,879,231.04
three,1,150,852,234.83
three,1,155,860,234.99
three,1,160,991,238.75
three,1,165,1030,238.83
three,1,170,1150,242.78
three,1,175,1341,243.41
three,1,180,1380,246.87
three,1,185,1873,252.06
three,1,190,2501,261.58
three,1,195,3157,451.54
three,1,200,3347,460.34
three,1,205,3495,462.16
three,1,210,3524,464.25
three,1,215,3396,465.84
three,1,220,3505,467.25
three,1,225,3474,467.26
three,1,230,3788,468.42
three,1,235,3908,470.92
three,1,240,4967,481.62
three,1,245,6496,550.02
three,1,250,7211,567.00
three,1,255,7832,568.74
three,1,260,8716,585.18
three,1,265,8622,585.99
three,1,270,8988,586.77
three,1,275,10273,619.41
three,1,280,10756,624.79
three,1,285,12640,626.27
three,1,290,13716,639.58
three,1,295,15500,643.64
three,1,333,609659,1585.65
three,2,5,237,32.43
three,2,10,239,32.43
three,2,15,250,32.55
three,2,20,250,33.13
three,2,25,315,35.43
three,2,30,363,41.61
three,2,35,391,48.48
three,2,40,458,49.09
three,2,45,628,94.43
three,2,50,737,129.10
three,2,55,755,130.68
three,2,60,775,132.20
three,2,65,773,132.20
three,2,70,730,132.20
three,2,75,811,156.35
three,2,80,835,164.96
three,2,85,988,188.99
three,2,90,1005,189.72
three,2,95,973,189.72
three,2,100,1128,192.87
three,2,105,1008,196.39
three,2,110,988,200.18
three,2,115,1016,200.65
three,2,120,1056,207.28
three,2,125,1073,223.29
three,2,130,1244,230.41
three,2,135,1429,241.68
three,2,140,1407,241.75
three,2,145,1416,241.75
three,2,150,1368,245.56
three,2,155,1402,245.72
three,2,160,1561,250.26
three,2,165,1571,250.48
three,2,170,1755,254.46
three,2,175,2041,256.33
three,2,180,2161,259.37
three,2,185,2691,264.53
three,2,190,3356,278.87
three,2,195,3599,449.82
three,2,200,4077,475.93
three,2,205,3884,486.58
three,2,210,3960,489.41
three,2,215,4045,489.64
three,2,220,4300,491.05
three,2,225,4139,494.97
three,2,230,4386,496.03
three,2,235,4505,497.92
three,2,240,5431,515.80
three,2,245,5618,583.18
three,2,250,5732,599.88
three,2,255,5965,605.70
three,2,260,6142,615.06
three,2,265,6328,615.96
three,2,270,6712,623.74
three,2,275,7504,654.26
three,2,280,8316,661.32
three,2,285,8587,666.87
three,2,290,9144,670.32
three,2,295,9553,674.80
three,2,333,221743,1938.34
three,4,5,302,32.43
three,4,10,308,32.43
three,4,15,319,32.55
three,4,20,345,33.14
three,4,25,394,35.44
three,4,30,553,41.62
three,4,35,608,48.49
three,4,40,720,49.10
three,4,45,967,94.45
three,4,50,1263,125.68
three,4,55,1257,131.10
three,4,60,1326,132.62
three,4,65,1246,132.62
three,4,70,1223,132.62
three,4,75,1334,156.76
three,4,80,1431,165.41
three,4,85,1617,189.43
three,4,90,1634,190.17
three,4,95,1662,190.17
three,4,100,1661,193.31
three,4,105,1658,196.83
three,4,110,1673,200.62
three,4,115,1704,201.09
three,4,120,1738,207.73
three,4,125,1817,224.16
three,4,130,1959,231.36
three,4,135,2331,242.21
three,4,140,2388,242.97
three,4,145,2365,242.97
three,4,150,2370,243.28
three,4,155,2418,247.20
three,4,160,2715,251.69
three,4,165,2771,252.00
three,4,170,3101,252.39
three,4,175,3506,254.78
three,4,180,3649,261.68
three,4,185,4672,263.31
three,4,190,5683,266.85
three,4,195,6481,342.56
three,4,200,7392,449.57
three,4,205,7780,495.80
three,4,210,7647,498.60
three,4,215,7743,498.69
three,4,220,7936,498.81
three,4,225,7982,502.89
three,4,230,8224,504.47
three,4,235,8527,506.36
three,4,240,9085,517.23
three,4,245,11286,551.15
three,4,250,10943,586.19
three,4,255,11230,613.54
three,4,260,11535,625.14
three,4,265,11763,626.07
three,4,270,11952,632.95
three,4,275,12373,647.79
three,4,280,13015,661.92
three,4,285,13698,678.55
three,4,290,14124,682.54
three,4,295,14794,687.12
three,4,333,177405,2090.49
three,8,5,423,32.43
three,8,10,436,32.43
three,8,15,470,32.55
three,8,20,495,33.14
three,8,25,593,35.44
three,8,30,905,41.62
three,8,35,958,48.49
three,8,40,1291,49.10
three,8,45,1684,94.45
three,8,50,2133,125.68
three,8,55,2169,131.10
three,8,60,2238,132.62
three,8,65,2206,132.62
three,8,70,2234,132.62
three,8,75,2457,156.76
three,8,80,2563,165.41
three,8,85,2920,189.43
three,8,90,3046,190.17
three,8,95,3127,190.17
three,8,100,3156,193.31
three,8,105,3124,196.83
three,8,110,3169,200.62
three,8,115,3261,201.09
three,8,120,3297,207.73
three,8,125,3401,224.16
three,8,130,3686,231.36
three,8,135,4507,242.21
three,8,140,4415,242.97
three,8,145,4669,242.97
three,8,150,4522,243.28
three,8,155,4769,247.21
three,8,160,5127,251.69
three,8,165,5234,252.01
three,8,170,5839,252.43
three,8,175,6585,254.81
three,8,180,6960,261.86
three,8,185,8638,263.54
three,8,190,10710,267.16
three,8,195,12148,343.09
three,8,200,13642,442.62
three,8,205,14304,496.99
three,8,210,14376,499.79
three,8,215,14830,499.88
three,8,220,14826,499.99
three,8,225,14987,504.08
three,8,230,15567,505.65
three,8,235,15834,507.54
three,8,240,16956,518.43
three,8,245,19019,550.12
three,8,250,20329,586.10
three,8,255,21018,614.80
three,8,260,21589,626.41
three,8,265,21643,627.36
three,8,270,22296,634.24
three,8,275,23047,648.47
three,8,280,24010,662.93
three,8,285,24989,680.15
three,8,290,25798,684.13
three,8,295,27067,688.80
three,8,333,230447,2136.62
three,10,5,626,32.43
three,10,10,514,32.43
three,10,15,573,32.55
three,10,20,610,33.14
three,10,25,726,35.44
three,10,30,1149,41.62
three,10,35,1194,48.49
three,10,40,1458,49.10
three,10,45,2160,94.45
three,10,50,2624,125.68
three,10,55,2680,131.10
three,10,60,2759,132.62
three,10,65,2704,132.62
three,10,70,2710,132.62
three,10,75,3005,156.76
three,10,80,3183,165.41
three,10,85,3626,189.43
three,10,90,3845,190.17
three,10,95,3645,190.17
three,10,100,3678,193.31
three,10,105,3727,196.83
three,10,110,3941,200.62
three,10,115,3806,201.09
three,10,120,3909,207.73
three,10,125,4104,224.16
three,10,130,4468,231.36
three,10,135,5333,242.21
three,10,140,5287,242.97
three,10,145,5359,242.97
three,10,150,5475,243.28
three,10,155,5505,247.21
three,10,160,6153,251.69
three,10,165,6236,252.01
three,10,170,6922,252.43
three,10,175,7853,254.81
three,10,180,8386,261.86
three,10,185,10451,263.54
three,10,190,12788,267.16
three,10,195,14634,343.09
three,10,200,16661,442.62
three,10,205,17616,496.99
three,10,210,17869,499.79
three,10,215,17808,499.88
three,10,220,18073,499.99
three,10,225,18202,504.08
three,10,230,18661,505.65
three,10,235,19826,507.54
three,10,240,20665,518.43
three,10,245,22904,550.12
three,10,250,24118,586.10
three,10,255,25300,614.80
three,10,260,25950,626.41
three,10,265,26551,627.36
three,10,270,27428,634.24
three,10,275,27776,648.47
three,10,280,29185,662.93
three,10,285,30350,680.15
three,10,290,31190,684.13
three,10,295,31971,688.80
three,10,333,250138,2136.62
four,1,5,3182,60.92
four,1,10,2965,60.92
four,1,15,3259,60.99
four,1,20,3611,61.54
four,1,25,4305,63.53
four,1,30,7919,66.98
four,1,35,9686,69.84
four,1,40,11443,70.40
four,1,45,19125,80.07
four,1,50,33768,105.79
four,1,55,50424,139.02
four,1,60,53483,142.63
four,1,65,53377,142.72
four,1,70,53257,142.73
four,1,75,56830,142.69
four,1,80,63248,154.87
four,1,85,72776,162.65
four,1,90,76013,165.24
four,1,95,76937,165.91
four,1,100,78573,166.16
four,1,105,80753,169.52
four,1,110,80641,172.42
four,1,115,87957,175.69
four,1,120,92170,175.89
four,1,125,118646,176.92
four,1,130,146348,188.56
four,1,135,199152,227.00
four,1,140,208264,236.47
four,1,145,211615,238.40
four,1,150,217745,239.57
four,1,155,225594,239.59
four,1,160,253761,240.25
four,1,165,269024,240.58
four,1,170,280879,241.05
four,1,175,292589,244.92
four,1,180,317232,246.48
four,1,185,343019,247.90
four,1,190,386605,249.98
four,1,195,494544,257.09
four,1,200,741189,260.20
four,1,205,984974,264.64
four,1,210,1225931,276.30
four,1,215,1535709,304.60
four,1,220,1778508,433.73
four,1,225,1817988,485.88
four,1,230,1837955,502.09
four,1,235,1842626,508.00
four,1,240,1878764,508.15
four,1,245,1942645,509.28
four,1,250,2006956,511.35
four,1,255,2069519,513.89
four,1,260,2131286,516.16
four,1,265,2264084,516.56
four,1,270,2433670,543.08
four,1,275,2479104,583.61
four,1,280,2513339,593.67
four,1,285,2523179,599.11
four,1,290,2569771,604.29
four,1,295,2583785,611.13
four,1,333,4849987,1641.66
four,2,5,4199,60.97
four,2,10,4003,60.97
four,2,15,4144,61.07
four,2,20,4251,61.63
four,2,25,4668,65.40
four,2,30,6445,84.52
four,2,35,7273,85.05
four,2,40,12868,85.62
four,2,45,10433,127.13
four,2,50,17702,147.61
four,2,55,21721,160.99
four,2,60,23048,163.02
four,2,65,22997,163.02
four,2,70,22910,163.02
four,2,75,28998,163.19
four,2,80,40645,173.17
four,2,85,45785,197.46
four,2,90,45777,198.75
four,2,95,50383,200.22
four,2,100,51987,200.69
four,2,105,56634,204.28
four,2,110,59559,207.43
four,2,115,75401,212.10
four,2,120,86369,212.31
four,2,125,108625,214.57
four,2,130,139454,228.11
four,2,135,193105,264.66
four,2,140,208545,274.55
four,2,145,212747,276.00
four,2,150,214904,277.18
four,2,155,219956,277.36
four,2,160,242389,277.81
four,2,165,264325,278.22
four,2,170,279429,279.50
four,2,175,293576,284.62
four,2,180,330235,286.70
four,2,185,374057,288.68
four,2,190,427809,290.14
four,2,195,540353,296.06
four,2,200,749065,299.77
four,2,205,999653,304.25
four,2,210,1274589,311.70
four,2,215,1561064,332.65
four,2,220,1870407,421.76
four,2,225,1931197,520.25
four,2,230,1959618,537.85
four,2,235,1970815,545.12
four,2,240,1988686,547.95
four,2,245,2058178,550.06
four,2,250,2108696,554.30
four,2,255,2086282,557.71
four,2,260,2132761,562.37
four,2,265,2178967,563.42
four,2,270,2357773,585.45
four,2,275,2376822,610.91
four,2,280,2408019,630.50
four,2,285,2394873,640.48
four,2,290,2447459,651.92
four,2,295,2419073,661.15
four,2,333,4583379,1808.94
four,4,5,9796,60.97
four,4,10,9488,60.97
four,4,15,9533,61.07
four,4,20,9595,61.63
four,4,25,9513,65.45
four,4,30,9345,86.59
four,4,35,9614,87.59
four,4,40,9573,88.56
four,4,45,9654,132.34
four,4,50,9687,165.09
four,4,55,11390,168.57
four,4,60,12956,170.11
four,4,65,12788,170.11
four,4,70,13012,174.65
four,4,75,14728,190.63
four,4,80,16153,193.72
four,4,85,16545,216.45
four,4,90,16726,220.71
four,4,95,23338,220.69
four,4,100,27761,231.00
four,4,105,32750,232.02
four,4,110,37549,235.30
four,4,115,44897,259.01
four,4,120,66095,259.74
four,4,125,95563,258.18
four,4,130,133881,290.58
four,4,135,174007,345.29
four,4,140,182652,350.36
four,4,145,181390,350.14
four,4,150,191855,350.62
four,4,155,200305,355.29
four,4,160,223931,384.35
four,4,165,254272,386.13
four,4,170,331099,383.69
four,4,175,368661,387.47
four,4,180,427368,404.29
four,4,185,517713,405.66
four,4,190,590576,408.24
four,4,195,745390,412.59
four,4,200,1006337,417.68
four,4,205,1330802,421.74
four,4,210,1725322,424.74
four,4,215,2152281,446.98
four,4,220,2549240,519.34
four,4,225,2693488,618.59
four,4,230,2710946,636.95
four,4,235,2746203,645.14
four,4,240,2785010,650.09
four,4,245,2831384,654.46
four,4,250,2860266,654.98
four,4,255,2891863,663.51
four,4,260,2837932,668.74
four,4,265,2922865,677.43
four,4,270,3126892,697.96
four,4,275,3155118,722.23
four,4,280,3169529,742.05
four,4,285,3220241,757.08
four,4,290,3279511,774.63
four,4,295,3239163,797.28
four,4,333,6580478,2100.43
four,8,5,21397,60.97
four,8,10,21191,60.97
four,8,15,17844,61.07
four,8,20,17748,61.63
four,8,25,17941,65.45
four,8,30,17988,86.59
four,8,35,17611,87.59
four,8,40,17663,88.56
four,8,45,18092,132.34
four,8,50,18625,165.09
four,8,55,18388,169.16
four,8,60,18484,171.30
four,8,65,18369,171.30
four,8,70,21703,175.84
four,8,75,18740,196.09
four,8,80,18390,196.09
four,8,85,18321,218.83
four,8,90,18261,223.09
four,8,95,18379,226.67
four,8,100,18589,250.78
four,8,105,19703,251.12
four,8,110,18814,251.12
four,8,115,19043,271.95
four,8,120,18746,333.12
four,8,125,18663,333.83
four,8,130,19151,360.65
four,8,135,19367,392.94
four,8,140,19525,397.69
four,8,145,24499,398.09
four,8,150,30546,398.13
four,8,155,39846,403.47
four,8,160,53696,444.29
four,8,165,74612,471.09
four,8,170,98578,490.47
four,8,175,130863,510.25
four,8,180,151294,542.79
four,8,185,201485,587.63
four,8,190,313487,596.87
four,8,195,537925,596.47
four,8,200,830298,598.22
four,8,205,1121191,693.38
four,8,210,1454790,724.13
four,8,215,1822276,742.93
four,8,220,2190058,821.63
four,8,225,2255048,906.40
four,8,230,2359445,952.98
four,8,235,2367640,970.07
four,8,240,2461861,965.10
four,8,245,2526033,970.18
four,8,250,2472973,1053.82
four,8,255,2515496,1086.75
four,8,260,2646524,1093.64
four,8,265,2792497,1097.53
four,8,270,2978538,1112.83
four,8,275,2895415,1139.14
four,8,280,2971419,1176.10
four,8,285,3140505,1168.15
four,8,290,3308825,1180.28
four,8,295,3287694,1190.68
four,8,333,7190024,2575.73
four,10,5,22772,60.97
four,10,10,22157,60.97
four,10,15,22147,61.07
four,10,20,22231,61.63
four,10,25,22463,65.45
four,10,30,22042,86.59
four,10,35,21847,87.59
four,10,40,22489,88.56
four,10,45,22528,132.34
four,10,50,22648,165.09
four,10,55,22586,169.16
four,10,60,22701,171.30
four,10,65,22798,171.30
four,10,70,22714,175.84
four,10,75,22737,196.09
four,10,80,22746,196.09
four,10,85,23516,218.83
four,10,90,23310,223.09
four,10,95,23117,226.67
four,10,100,23392,250.78
four,10,105,23442,251.12
four,10,110,23628,251.12
four,10,115,23495,271.95
four,10,120,23559,333.12
four,10,125,23756,333.83
four,10,130,23613,360.65
four,10,135,23654,392.94
four,10,140,24269,397.69
four,10,145,24383,402.49
four,10,150,23949,403.12
four,10,155,25318,413.55
four,10,160,24284,454.49
four,10,165,27117,481.35
four,10,170,28946,501.89
four,10,175,41332,518.26
four,10,180,51266,552.56
four,10,185,68025,612.48
four,10,190,144659,642.59
four,10,195,347136,672.25
four,10,200,581249,672.80
four,10,205,815407,766.35
four,10,210,1079352,795.03
four,10,215,1353366,827.22
four,10,220,1568815,879.78
four,10,225,1601778,950.53
four,10,230,1617680,986.84
four,10,235,1825012,1020.02
four,10,240,2114912,1025.63
four,10,245,2365757,1029.43
four,10,250,2357643,1113.76
four,10,255,2427918,1180.50
four,10,260,2520909,1189.36
four,10,265,2619106,1212.17
four,10,270,2831708,1218.31
four,10,275,2773619,1237.32
four,10,280,2789020,1324.41
four,10,285,2953697,1323.69
four,10,290,3154191,1388.85
four,10,295,3173130,1416.81
four,10,333,7396808,2827.87
